{
    "n_estimators": 206,
    "max_depth": 3,
    "learning_rate": 0.03744371106068879,
    "subsample": 0.9818040877952982,
    "colsample_bytree": 0.8713025861826588,
    "reg_lambda": 3.4252901256390267,
    "reg_alpha": 0.015500032227185902
}