{
    "n_estimators": 629,
    "max_depth": 8,
    "learning_rate": 0.11230831157469905,
    "subsample": 0.7872284773184578,
    "colsample_bytree": 0.8249329973487373,
    "reg_lambda": 0.016160892746754755,
    "reg_alpha": 0.010243118371406412
}